{
  "task": {
    "history_len": 40,
    "dt": 0.05,
    "total_steps": 420,
    "noise_std": 0.12,
    "freqs": [
      0.8,
      3.0,
      1.2,
      4.2
    ],
    "change_points": [
      0.22,
      0.48,
      0.74
    ]
  },
  "results": {
    "FNN": {
      "hidden_size": 18,
      "n_params": 1099,
      "test_mse": 0.010254225693643093
    },
    "RNN": {
      "hidden_size": 31,
      "n_params": 1086,
      "test_mse": 0.011711415834724903
    },
    "LSTM": {
      "hidden_size": 15,
      "n_params": 1096,
      "test_mse": 0.015390312299132347
    },
    "LTC": {
      "hidden_size": 15,
      "n_params": 1053,
      "test_mse": 0.022283049300312996
    }
  }
}